mensagem_id,numero_mensagem_original,categoria,mensagem_original
M001,859,Depression,"Ive told 2 college professors that I am suicidal in less than 3 days of each other and.. I was quite shocked at their reactions. I sorta expected a very stigmatized reaction for some reason. The first professor blew up on me in immediate concern for my wellbeing. He too had actually been through similar circumstances when he was younger. And the second professor, he had a close friend who was suicidal and very depressed as well. He was very calm throughout the whole conversation actually. That was a really fucking cool thing to have a legit chat about mental health with college professors. Edit I really cant express enough how reassuring all of your supportive comments are. I would like everyone to know that I actually just recently started therapy for the first time this semester. And it is doing wonders. Hopefully I get the courage to schedule with the on campus psychiatrist soon to see if medication can help. Also, thank you all for reminding me that people do care about others. Thank you greatly."
M002,948,Depression,"Addicted to depression I dont know am I the only one with this, but every time things start going better, it never feels right. I feel like I dont deserve being okay. The sadness has become like an addiction. It feels weirdly good? I dont really know, but whenever Im the lowest it feels the most comforting. I think Ive already gave up on trying to heal. Trying get help. I dont want it anymore. Im miserable and slowly becoming crazy but I dont think Im even trying to fix it anymore. Ive accepted it. Im just waiting for the opportunity to finally bring myself to the end."
M003,501,Depression,"My friend killed himself He was 18. I grew up with him and he was like my little brother. He was gentle and sweet and loved animals and flowers and thrifted clothes. He was quiet and calm in a world that is loud and harsh. He killed himself. He didnt let anyone see all the pain he was carrying every day. He was exhausted and he only saw one option and now Im trying to pick up the pieces of myself. I am heartbroken and angry and devastated there is a crushing weight on my chest and I cant breathe. I feel too much while feeling too little. I have struggled with depression and anxiety for years. But this. This is...overwhelming. It is excruciating. It is numbing. It is agonizing and yet it is impassive. I feel everything and I feel nothing. I dont want to die. But I dont know how to live. Im fighting every day. Im pushing through for my family and friends who are also experiencing this loss and my cats who need me to feed them breakfast. Every day is a struggle right now. But Im fighting. Keep fighting, friends."
M004,12580,Depression,"Dont you just hate it when some depressed people act like you dont get to be depressed because life isnt hard enough for you? Ive stopped my friends from killing themselves a total of six times, and Im 18. Thats one of the main reasons Im depressed. But Ive told a few other depressed people about this and then they went like yeah, how about you try to kill yourself and start cutting, then you can come talk to me about your depression and hard life."
M005,1076,Depression,Do you ever get so empty youre excited when you finally start crying because at least youre feeling an emotion? Ive felt empty for days and just now cried a little. Even though Im miserable I was almost happy. Its worse to feel like youre dead than being sad.
M006,4717,Depression,"Everyone is going through the same thing, dont worry Yes, I know that. And yes, I know that somehow I cant handle it like the others do. I know Im really weak. Thank you for reminding me."
M007,4205,Depression,"Sharing something Im proud of for a chance The past two weeks I have cooked almost daily instead of eating fast food, Ive kept my house clean, showered regularly, and Ive done all of my work for Grad school even some of it way ahead of time. I usually dont say Im proud of myself but I think I need to say it today."
M008,138,Depression,"Its lonely. Ive been crying nonstop for 3months. Getting into university have made my condition worst. Its lonely here. I want to tell more but I just have no energy to type. Hope those who read this.. good day to you. Edit I didnt believe that my first post will get over 1K upvotes. Thank you for all the kind messages. Thank you. I have read all of it. Thank you. Truly made my day better. I will try to hold on and to those who are struggling too, keep your heads up too, try to love yourself, ourselves more. We cant lose hope."
M009,3228,Depression,"I had to fill out one of those depression tests today... And I scored in the severe range. This lead to the following exchange between my Doctors and I. Doctor This is a really high score. Me Thank you. Thankfully, I saw the funny side it in its awkwardness...and I hope you guys do too! Sometimes, the only way to cope with how terrible things are is to laugh...Stay strong, fam."
M010,7555,Depression,"I hate that people dont understand that i dont want to kill myself, I just dont want to be alive anymore"
M011,1152,Depression,"How can you be depressed? You always seem to be happy. Yesterday a friend told me that. To be honest, when I am around other people I pretend to be happy as if nothing is wrong since I dont want to bother others with my issues. I dont really know why I am doing this."
M012,1097,Depression,I love bad weather. Its the only time I can stop feeling like a piece of shit for not being able to get out of bed. I hate that Im like this
M013,12742,Depression,"i want to kill myself i dont know it this is ok to post there but, long story short ill probably kms today, i cant bear this anymore, lots of things happened and i dont think i can go further, ty anyone who reads this"
M014,1199,Depression,"My life in a nutshell Having anxiety and depression is like being scared and tired at the same time. Its the fear of failure but no urge or will to be productive. Its wanting friends but hate socializing. Its wanting to be alone but not wanting to be lonely. Its caring about everything just to abruptly care about nothing. Its the feeling of feeling everything at once then feeling paralysingly numb. Its wanting to get help, but subconsciously knowing it wont make a difference because you cant see the light at the end of the tunnel, you are just tired of being in the tunnel."
M015,11054,Depression,"I hate waking up from a dream where Im happy It literally ruins my day before it even starts. Im so tired of being happy in a dream. Being married, having fun with my friends, having money, and then I wake up. I literally wake up with tears in my eyes. It was so bad this morning that I repeated the words I wanna die over and over. Why does my brain tease me with this? I swear if I didnt have my cat to cuddle I would be in a worse position."
M016,5676,Depression,being unmotivated is the worst part about depression cant move on or get better im stuck forever just realized that rhymed
M017,9133,Depression,"How many other people go to sleep wishing theyll die peacefully before they wake up? I read this a lot here, I dont want to kill myself, I just wish I didnt exist. I identify with that... so much. I just dont want to keep feeling like this anymore, and for whatever reason that thought is amplified as Im trying to sleep e.g. right now. All I want is to simply not wake up tomorrow. Is that so much to ask for? Edit wow, I did not expect to get so many responses when I wrote this yesterday. Although sad, its still oddly comforting to know Im not alone in feeling this way, so thank you sincerely for sharing. For those who offered helpful tidbits, thank you also. I hope that you all find peace one way or another, just as I hope that I can too. But lets face it, chances are thats wont be tonight, so.... here we go again."
M018,7926,Depression,"I never planned to make it to 15. Today I turned 17. A little over two years ago, Id been planning to kill myself before my 15th birthday. Today is my 17th and Im actually happy Im alive. I still have some very low days, but I feel so much better than I did back then. Things get better, even if it happens slowly."
M019,11032,Depression,"It sucks how mental health is never a valid excuse in college CW anywhere, really, workjobs included. I cant keep track of my lies. My headaches and migraines and feeling sick are all lies. I cant keep track of them. I wish instead of saying I stayed home because of my headache I could say the truth I have no motivation or energy. I want to kill myself. I hate myself so much and I want to die. I cant even drink water or eat healthy. I cant even do my work. I want to kill myself."
M020,1122,Depression,"Suicide isnt an answer Yes, but it seems like an option. The only real option. The only button that ends eternal pain and suffering. Fade away from everywhere and become nothingness. All your sorrows and misery, agony gone in the blink of an eye. And you know whats the best part? Its free! You dont need to pay to kill yourself, but you need to pay to live. Its the easy way out, the only beautiful way out. Its not much, we all die at some point wouldnt hurt to cut myself off from everything as I would lose my consciousness. But I am here to live for the mental well being of other people, so they dont be sad. I suffer for them. Yet they wouldnt take a minute to listen to one of those millions of thoughts I have ruining my head. Ironic."
M021,11,Depression,"Nobody at all cares how depressed you are when youre alive, as long as you dont kill yourself. Now if I kill myself, then Im just a huge selfish jerk who didnt think about anybody. Jerks..."
M022,1432,Depression,"Having an office job is the absolute worst thing for depression I am sitting most of the day and have to work 11 hours. Thats enough time to think and sulk. I also have a coworker I cant stand. It is a super boring, depressing environment. Have to see people, talk on the phone and hear the stupid fucking fax machine beeps when Im going through major sensory overload!!!!!! Then pretend to be normal. Back hurts from this stupid fucking chair!!!! Im losing my fucking mind. I hate it here. I hate life. I feel like walking out but I need fucking money. And Im working 2 days a week and can barely handle it. It feels unbearable. Fml"
M023,185,Depression,"Each month that passes I feel sadder and sadder. Please, somebody read me. Hello. Ever since I was little, Ive been very emotional. As time has passed and Ive been able to understand better the world around me, I find disgust. I dislike how everything is money and manipulation and how you cant do anything if you dont play along. My family is broken and I cant share my feelings with anybody, and when I do is usually with my mother and she always makes me feel worse, or guilty about everything. I feel like an idiot. I used to go to therapy before the pandemic, it was quite good but sadly my doctor passed away due to old age. Im not in a place right now where I can pay therapy. Im also not motivated. I just want everything to end. I want to stop being me. I dont want these memories anymore. Thanks for getting until the end."
M024,11799,Depression,Life is just so freaking boring when youre depressed I have zero motivation to actually do things like working on my art. I barely even have the desire to play video games. Its almost as if I cant get pleasure from anything anymore. So unless Im at work I spend 90 of my time just laying in bed doing absolutely nothing all day. And I get so bored that it feels like torture but I dont have the energy to actually do anything. It really sucks
M025,1106,Depression,"Ghosting my close friends. Depression. Keeping up communication is rough sometimes. A day of not replying to a message can become a week when you dont know how to explain that you just couldnt be around people that day, which can become a month when it always seems impossible to reach out and explain where youve been. Edit Ive gone through each and everyones reply. And I have only one thing to tell you all thank you for listening to me! Thank you for all the kind words! and the gold really made my day"
M026,12454,Loneliness,Im so lonely depressed and dont want to go on Im so lonely Im so depressed I cry every day I have no one to talk to you I have no family and I dont want to go on anymore I dont!
M027,1469,Loneliness,"I wish I could reset myself I hate myself and I hate that I have to live like this for the rest of my life. I want to reset everything about me whether its looks, gender, personality, memories, I just want to be a different person overall. Being alive is tiring but I have to for my dad, I dont want to make him sad and I still want to repay him. Living is such a burden, I cant even connect with anyone. Why did I have to be born? I was an accident they should have just got rid of me."
M028,3512,Loneliness,"Anyone else ever feel like there is something fundamentally wrong with them and that hampers them being successful socially? I guess when I compare myself to others I dont understand why it is so hard for me to makemaintain friends much less a gf. I feel inferior to other people, like there is something wrong with me and when people see that , they leave. I dont know what it is or how to fix it. I hate myself."
M029,668,Loneliness,"Im so sick of loneliness all the Fucking time.. It seems like no matter where I go, loneliness always come along, friends dont mean a thing if theyre not even there when you really need them, but theyre only there when they need from you and at the end its just a stab in the back, something that has good beginnings like relationships always ends in disappointment, Im not the one to pretend of being someone else just to fit in the crowd and being such a waste just like the rest, some things doesnt work out as the way I want to or like I always expect them to be, everything turns out monotonous, and I wonder is it ever going to change? or is it ever going to end? Im stuck in my head over and over. Is there something that really worth it?"
M030,9641,Loneliness,"I hate this feeling sometimes Every time im walking and I see people laughing with each other, I just get reminded that I lost all my friends and that im alone. Every time I see a couple hugging and giving gifts to each other, Im reminded on how bad I fd up my last relationship. Every time Im sitting down by myself, Im reminded that I dont have someone to wait for, no one to talk to, no notification on my phone."
M031,9224,Loneliness,"Growing into that cranky old man 32 m here. I dont know how hold most of you are, but Ive been lonely for a long time. Not due to lack of opportunity to make friends. In my experience, when youre in your twentie, you can still muster up the courage to try to break the spell. Ive seen it in other people. When youre in your thirties, your loneliness has brought along some habits thay make it difficult to escape it. For instance, wanting quietness in the house, having a hard time changing your schedule, being afraid of people who show love interest for you know theyve fallen for your parade, mistrust of other peoples intentions as every extra person youd allow, can shatter the last hopes At this point hou start to settle in another way than most people settle. Being lonely becomes an identity. You dont make plans in the weekend other than grocery shopping and what your choice of booze will be. You cling to thoughts of rebirth akin what enlightened souls go through. All the while, you recognise the first signs of entrenchment into your old man persona."
M032,3073,Loneliness,I distanced myself from people after being replaced two times by my then best friends. It depressed me to the point that I dont even bother to make friends now for a long time. I push people away now cause I get too attached to whoever show attention to me cause I know Ill be replaced again.
M033,3063,Loneliness,"Im looking for someone to talk Hi! I am 20 years old, woman and i dont have much friends. I thought it would be nice to meetchat with someone. If you are looking for friends, you can DM me! I am a good listener btw."
M034,12364,Loneliness,"I dont know I dont know what to do. I dont know how to solve this problem. I dont know whats wrong with me. I dont know what Im doing wrong. I just dont and its eating me alive. The most random things can trigger a deep feeling of hopelessness which can last for days. After 33 years on this earth I still feel like I have the emotional development of a 3 year old. And I dont know what to do about it. Its perfectly possible Ill feel fine again in a day or so but eventually Ill end up here again. In this pit of despair. I know that noone on this earth feels good all the time. Sometimes things are just bad, its simple as that. But this cant continue."
M035,3142,Loneliness,"Im so lonely, I dont want to be here anymore Dont get me wrong, I have friends and family that say they care about me and love me, but I often question it. No one asks if Im okay, no one asks to hang out. I am just drifting through life. Ive come to realise that I am the person that helps others discover what happiness means to them, my previous partners have now found their happy ever after since breaking up with me, and while I am so happy for them, and in weird way it brings me comfort knowing that they are, I cant help wonder when it will truly come for me. It has now got to the point where I cant keep going through this pain, I put myself through therapy but I cant shake this feeling that this lifetime was not meant for me. If I end things, then I get to be with my Nan and cat and I wont be lonely anymore. Living wity this feeling day to day is too painful"
M036,11854,Loneliness,parents set me up for failure im so damn lonely and it feels like my parents just set me up for failure as they neglected my education and sheltered me and constantly moved around that it was hard to maintain friendships and develop social skills
M037,1379,Loneliness,"Being alone isnt so bad, til it hits you on a Friday night I have spent the majority of the past four years by myself and I have no problem with that. But sometimes, it reaches the weekend and I see groups of people my age 24 going out and I feel like a social pariah. I have worked on becoming a better friend and person but I want the opportunity to be one. Going out with people i barely know makes it worse because theyve developed meaningful relationships with each other and im just .. the pity tag along. Ive definitely been coping with food and my phone, I used to cope with drugs and alcohol. Side note am neurodivergent and anxious, which doesnt help. How the hell are people making friends nowadays?"
M038,4050,Loneliness,"the misery son I lose my mother,my heart is burning I wanna my mom back,I have pain in my head,I feel lost and lonely,Im so cold I cant continue"
M039,8638,Loneliness,"its sad to be lonely on Christmas and new year, but i always am. Im also lonely on my Birthday and I have no life at all. I just work and sleep And I feel empty."
M040,842,Loneliness,"Im a 24 year old year old lonely lonely girl. I live alone and have a cat and truly shes my only companion. I dont talk to people because of my social anxiety and my depression prevents me from being able to go out and meet people, or even begin to care about dating. I would love to do those things but Im terrified and I also am always so fatigued. But I feel so lonely every single day, and Im sitting here sobbing as I write this out because I have no hope anymore. I feel like nobody cares about me or my wellbeing and Im just so lonely in this world."
M041,2861,Loneliness,"Empty Ive gotten so lonely that I began to feel empty inside. Nothing at all. I lost my best friend to an overdose on a ft call with me. I didnt know it was happening. She wanted me to stay on the phone as she slept. Little did I know she was dying. And now, when I go through things I cant call on her for comfort like she used to do when she needed me. I have a life partner but hes physically and verbally abusive. This is my first time and probably my last time posting. Could use a shoulder or somebody to talk to but I know thats not coming. Im not desired nor am I wanted by anyone and that even as I go through it is terrifying. Im at the end of my rope and have died as many knots as I can. If I could lay down and dream and stay there in my dreams I would. Im happier there. Im tired and just wanna rest. Im so tired"
M042,6181,Loneliness,"Im so utterly lonely and touch starved Youd think one would get used to it and find someone to at least talk to, guess not. 25 years old and suffering from crippling loneliness everyday. I cant seem to accept it, I wish I could. It doesnt make sense to live like this in a world of so many people..."
M043,1422,Loneliness,Alone inside is the worse Does anyone ever feel like a stranger locked inside looking at the outside world unfolding. I am left feeling i dont belong anywhere. Peoples interests not only differ vastly from my own but the roee colored glasses they were about life make it worse to live down.
M044,260,Loneliness,"Should I just accept that Ill stay alone forever? I f26 cannot connect with others. My interests and values are those of a minority and I cant seem to get past the initial idealization stage on the behalf of other people, Im also neurodivergent so even my thinking is different and Im frequently being misunderstood. Ive given up on a romantic partner but its harder to accept that Im not gonna connect with my people. There were rare occasions where I met great people that I just clicked and vibed with but it was always timely limited."
M045,6400,Loneliness,"Im 29, living in Ukraine, and I just want to meet one real person Hi. I dont really know how to start this, but Ill try to keep it simple and honest. I live in a small town in Ukraine. Because of the situation in my Country, I cant leave. Ive been feeling extremely isolated. Im turning 30 in three months, and for a long time now Ive had no friends, no one to talk to, no one to just be real with. People have used me before. I trusted the wrong ones. And now I struggle deeply with trusting anyone at all. Ive been hiding behind work, meaningless purchases, and pretending like Im fine  but Im not. Im tired. Im scared. I just want one person to see me. Just one. I dont want endless online conversations. I want to start something real that can move into real life  even just a walk, a real talk, anything. I know its hard with distance. But maybe someone else is out there in Ukraine, or even near me, who feels the same. Maybe someone wants to be found. Even if nothing happens, thank you for reading. It already means something."
M046,6592,Loneliness,"I made you guys a little tin foil pal, his names Bill  He was supposed to be my only friend but I figured kindness is underrated"
M047,5840,Loneliness,"Advice please for heart pain from loneliness? Hiya lonely folks! Ive been getting painful heartaches, mostly late at night when im very lonely. i cant help but cry and then i get intense painful ache and emptiness in my chest. It feels tight like someone is actually squeezing my heart. I am concerned about the amount of physical pain in my chest its only gotten more intense over the years of loneliness. I exercise, dont drink or smoke much and im a woman in my mid 20s. Im trying my best to work on the loneliness. i have a couple of friends and do my best to live for others. Even if i dont like myself. I always try to make someone smile everyday because if you cant smile making someone else smile is the next best thing. My loneliness comes from a lack of physical intimacy. Does anyone else get these intense chest pains? If so what techniques do you have to reduce the pain? So far i just try deep breaths and let myself cry it out. To all my fellow lonely strangers, I wish you all the best on our journeys out of this cruel cave!!"
M048,3704,Loneliness,"why do I fall so low with my friendship and other stuff? Every time I talk to someone, it is like they dont like me anymore, afterwards. it is getting me to the point where I am losing it and cant help myself anymore. Someone please talk to me, I hate being alone at a time where I lose myself"
M049,1049,Loneliness,"Loneliness For Ages 5570 Hi. I am 61, female and divorced for 20 some years. I think I was born lonely and insecure. I never felt wanted by most peer groups. As young as kindergarten my teacher wrote on my report card I hope M___ finds happiness in life. Junior high was the nightmare from hell with bullying, lots of unkind words, males trying to get their hand in my pants by using force. The majority of my life has been spent in a constant state of worry, anxiety and loneliness. I was my mothers caregiver for the past 11 years and she died in September. Now I am alone in this house feeling guilt for all the things I did wrong as her caregiver. My children and grandchildren are all in VA but I have to stay here indefinitely for financial reasons. Loneliness, depression and anxiety are all part of the same thing and it is hell on earth! I am just hoping there is someone who can relate to any of this."
M050,2854,Loneliness,"Love you all It hurts like hell having no one reach out to you and having to always being the only one to make the first call. Im sorry to everyone feeling this way. After a long work week, Im finally home trying to relax, but I just get sad and start feeling so damn lonely or depressed. Im sending my love to everyone here and feeling down or torn up because of this. This sub shows me Im not alone in these struggles and were all just human beings who want to be with others. We are not freaks or lovers, just normal people who just want that love, warmth, support and comfort. Im sorry everyone. I want whoever is reading this to please know what were feeling is natural. I really love and pray for all of us. I hope well all find that love and the companions were looking for."
M051,6749,Anxiety,"I just realised the reason I panic when I make mistakes is because I was punished for mistakes in my childhood. One of my earliest memories is from when I was about 4 years old. While I was playing in the garden I fell over and injured my hand. My knuckle was bleeding quite a lot and I still have a scar from the injury to this day. Crying, I ran inside to my mother. After treating my wound, she spanked me as punishment for my mistake. If my mother had decided to give me comfort and reassurance in these kinds of situations, maybe in my adulthood, when I made a mistake, my natural response would be to try to soothe myself and calm down. Instead, when I make a mistake, my natural response is to feel anxiety or panic, and its really difficult for me to calm down. Im hoping that this realisation will be the first step towards me being able to overwrite my childhood conditioning and learn how to treat myself with acceptance and understanding."
M052,9612,Anxiety,"Anyone else suffer from depression too and have to decide whether or not to drink coffee because its a choice between my anxiety being worse or being exhausted all day? Holy crap I didnt think this would get this far up there, thanks everybody its good to know Im not alone. Im sorry you guys have to experience this too though, I wish I could answer all the comments but just know Ive read them all and theyre all appreciated! This sub is a fantastic group of people."
M053,2479,Anxiety,"Ive learned that one of the best ways to overcome anxiety is to listen and take care of your body. It is the only boss. Im 25F and I have anxiety. Obsessive and intrusive thoughts. Panic. Paranoia. Constant worry. Incapacity of joy and calmness. All this in a loop. All of this makes me forget about my body. So it accumulates a huge amount of stress. When my body is relaxed, my mind follows it. I always forget about this. Always. And if I remember I dont do anything about it because Im too busy worrying about shit. Take a deep, really deep deep breath. Hold it. Let it go. Dance. Take warm or cool baths. Comb your hair. Drink lots of water. Stretch. Take sunbathes. Hydrate your skin. Put your feet on scented water. Run. Ride a bicycle. Cry. Walk on the rain. Get a massage. Feel the wind on your face. Get a sweet hug from a loved one. Your mind will follow."
M054,10171,Anxiety,"I am incredibly lonely all the time, but I feel so relieved when I dont have to be around ppl. Anybody else experience something similar? EditIm not sure if anyone will see this edit, but thank you all for commenting on this post. Reading all your comments has been comforting, but also heartbreaking knowing there are so many of us that struggle with something that seems so simplebeing around other humans I went to bed last night feeling very defeated as I gave into my anxiety yet again and bailed on a social event to stay home and be alone. However, I woke up this morning to see all these responses and they honestly made me emotional because now I see so many people struggling with this same thing! There is probably ppl even in my own apartment building that feel this way and I cant reach them! I cant find them because of my anxiety holding me back. This viscous cycle has to be broken.... We are weakest alone. We need each other. We can not accept isolation."
M055,1398,Anxiety,"Anxiety means constantly trying to figure out whether that feeling in your gut telling you to ABORT MISSION! is real and important and should be listened to, or whether its irrational catastrophizing that should be confronted and ignored. Am I setting myself up for disaster? Or is my overthinking and constant questioning whats setting me up for disaster?"
M056,533,Anxiety,"Anxiety the second I wake up Does anybody else wake up normally in the morning and the second your eyes open the racing thoughts and mind just kick into overdrive? It lasts about maybe 1015 minutes before going down, but it completely fucks up the tone of the rest of my day. Idk why it happens, but 90 of the time nothing is actually wrong, its like a chemical rush of being still in your sleeping statewaking up. Any idea why it happens and how do you deal with it? I have been feeling very anxious in my waking life recently dealing with health anxiety, so thats probably it, but still, this is no fun  Edit thank you so much for the responses. Im learning a lot, but also find relief in knowing Im not alone. I hope everyone finds some relief. Feel free to pm if you ever need to talk."
M057,4157,Anxiety,"I had a hard day, so I treated myself to some sushi. If you also had a bad day, I hope you treat yourself too  Edit thank you for the awards kind internet strangers  also, it is so good to read that others are being good to themselves too!"
M058,1554,Anxiety,"does anyone else adore the rain? I have no idea why, but when it rains or when it storms it gives me so much peace of mind. it helps me for some reason and it eases my body and it allows me to relax therefore easing my anxiety symptoms. its raining right now and I feel so care free and good Im not sure why. does anyone else feel this. I get so happy when it rains and i100 prefer it over a sunny day."
M059,9064,Anxiety,"Does anyone elses anxiety give you physical symptoms even hours after you actually got anxious? So its almost 530 and I cant sleep because my heart is racing. I had some bad anxiety a few hours ago, and I was also dumb enough to consume caffeine today. Edit Wow, I didnt expect so many people to relate! Ill try to readreply to as many comments as I can when time permits. And thank you soooo much for the silver, helpful, and wholesome awards!!"
M060,8439,Anxiety,Does anyone else the problem where they will feel totally fine and then realize they dont feel anxious and that in turn causes you to have anxiety? When ever Im relaxing feeling good Ill think about the fact that I feel good and not anxious and it makes me have anxiety.
M061,981,Anxiety,Guys I made it to the gym today!! After having signed up online in October! Edit to add Ive now gone THREE days in a row! I even used TWO machines!!!!
M062,2970,Anxiety,Does anyone else just convince themselves they need to stop talking Sometimes at night Ill go over the things I said during the day and just cringe at myself and think everyone was so annoyed with me and then I convince myself that I need to stop talking and be a neutral person with no personality. Does anyone else do this??
M063,9375,Anxiety,"People with health anxiety, read this! Health anxiety ruined a year of my life with a million doctors visits and sleepless nights and I want to set the record straight for everyone still suffering. Dont fall into the spiral. 1. Healthy bodies have weird sensations 2. Healthy bodies have tinglings, numbness and even random pain 3. Healthy bodies have sudden headaches 4. Healthy bodies have all manner of random shit happen all the time. Anxiety will produce a number of symptoms that will manifest in your mind if you focus on them enough. If you obsess about brain cancer all night, your anxiety will in time manifest all the symptoms you fear if you look hard enough. It is not real. Go on with your day. You deserve to enjoy your health while you have it. Dont selfsabotage. Take a deep breath, you got this."
M064,7607,Anxiety,"I GOT THE FIRST DOSE OF MY VACCINE! Got it a little over two hours ago and Im really happy. I struggled with the idea of taking it because all the possible side effects had my hypochondriac mind on edge but when my dad asked me if I wanted to get it today I said yes on the spur of the moment, and then followed through. I feel fine at the moment. The only downside is that the side effects I have to look out for are almost exactly the same as manifestations of my anxiety, but Im a little too relieved to think about it right now. Edit missed word"
M065,10408,Anxiety,To my fellow health anxiety sufferers...lets all take a moment to say fk you to heart palpitations. All it takes is one heart palpitation and Im anxious for the next hour. I type this as Im having slight anxiety and palpitations.
M066,10905,Anxiety,"Has anyone else had a huge increase in anxiety since covid startedgot worse in the US? So Ive always had anxiety, but Im usually able to function pretty normally. Im 23, and working as an engineer. My company is part of a critical industry, so weve been open, and Ive worked on site everyday since the pandemic began. At first I was fine, I just did my best to stay home when I wasnt at work. Since the fall things have slowly been getting worse, Im constantly worried that any slight change in how I feel is covidrelated, and Im terrified of being the reason someone I care about dies of covid. Its affected my appetite, making me lose weight, made me cry much more often than ever before, and avoid seeing even the two friends I decided to share a bubble with when this all began. Has anyone else experienced this? I dont know what to do to control it or convince myself that Im not sick when every week I have a new reason to think otherwise"
M067,1512,Anxiety,"I slept with the lights off for the first time in 15 years Ive had crippling nighttime anxiety around someone hiding in my apartment and watching me. It has severely impacted my sleep and Ive had to sleep with all the lights on, locks on all of my doors, just every coping mechanism possible since I was 8 or 9. For the past 2 years Ive been in therapy and doing small exposures to disprove this belief that I have. Last night was the first time I could turn off all the lights in my bedroom and sleep in the dark. Seems small but Im proud"
M068,5404,Anxiety,"A cute comic today. It came with the tagline oh, dont cry  proven to stop all crying, 100 of the time"
M069,9090,Anxiety,I saw a saying that read Never get so comfortable in pain that you forget happiness is still an option Just thought someone might need this.
M070,1542,Anxiety,"has anyone elses anxiety worsened so much during quarantine? i had ocd, health anxiety, panic disorder, and gad. everything was under control and then during quarantine being stuck inside made me go fucking insane. i think of quarantine as like a metaphor for being stuck inside just like were stuck inside our heads and have trouble with the external world. this has been absolute hell. my heart is always racing i think i have a heart disease."
M071,3345,Anxiety,"Im a young kid with really terrible death anxiety. For the first time, Im visiting my grandfathers grave. Grabbed some ice cream on the way... feeling very nervous but wish me luck, going with a smile for him!"
M072,155,Anxiety,"I cant believe this is the timeline I cant believe everything happening in the United States right now. I cant believe this guy got voted back in. The signs were all there, we knew this would happen. Im honestly so stunned and full of despair idk what to do. Im so scared all the time."
M073,1790,Anxiety,"Any other Americans here feel like theyre on the verge of constant panic attacks since the inauguration? Im a woman. Im a person of color. I have chronic pain and autoimmune diseases. I literally cannot read or watch the news because theres constantly a new reason for my anxiety to spike. Which I hate, because I try very hard to be informed and aware."
M074,1823,Anxiety,"Today is my twelfth day sleeping on time and eating all 5 meals Well, 2 weeks ago I made a post on this sub, venting a bit what was going through my mind at the time. I was very anxious and stressed, eating poorly and very little even sometimes just once a day. My nights were very particular, sometimes sleeping less than 4 hours a day every day. Today concludes the second week in which I sleep early and wake up comfortably. Besides complying with 5 meals a day, especially breakfast which I missed SO MUCH. I went back to exercising, playing the guitar, playing chess online. I still have a lot to do, and although the current situation is not the best I can say that I am ready to go back to work with a positive mindset!"
M075,2475,Anxiety,"To whoever is scrolling through Reddit right now, heres your reminder... Unclench your jaw. Drop your shoulders. Take a deep breath in and hold it...and slowly let it go. Have a wonderful Monday, beautiful!"
M076,6445,Stress,"Physiological Sighs for stress reduction In this video Andrew Huberman, a neuroscientist, explains how physiological sighs are useful for stress and anxiety reduction. Theres also a paper published on Cell about this. Ive tried, and it works."
M077,1104,Stress,How to deal with stress about an upcoming situation? I have an upcoming situation court case and whenever I think about it I get a mild headache and I feel a little queasy. I have tried to reframe my thinking about it but just have this impending sense of fear or something I cant quite explain. Are there any suggestions on how I could deal with this?
M078,5325,Stress,"What about  the rest of us. Those who have a heart, and actually care for others. Those who are willing to give people the benefit of the doubt. Some of us actually care about you. Yes, You stranger reading this Those of us who understand struggle realize that it doesnt have to be just on your shoulders. As long as you and I respect each other, I have no reason to hate you, dislike you, want the worst for you, take advantage of you. Id rather be your good friend, explore the wonders of the world with a smile with you. Drink a beer with you. Get hammered and have the craziest night with you. Ride with you, swim with you. Cry with you, have a wonderful night with you. Why, are there so many women and men out there who want to take advantage of others. Treat each other better, BE BETTER, and LIFE will be EASIER, and more SATISFYING."
M079,641,Stress,"CONSTANTLY FEELING OVERWHELMED Up until about 6 months ago, I was constantly feeling overwhelmed. I made a video on what cleared my head and helped me feel better . VIDEO"
M080,6804,Stress,Why are people so stupid. So I work with a guy that is not taking the virus seriously. He lets his kids go out and do whatever they want. Hes already had to be tested 7 times and Ive had to be tested twice. I guess he just dont care who he gets sick. Ive tried talking to him about it and he said it his choice to do what he and his kids do. Its a free country. I have a mother with cold that lives with me and I swear to God if he gets her sick he will pay. Im constantly worried about covid now because he wont do the right thing.
M081,11182,Stress,"My job is totally stressing me out. I guess this is a vent of sorts. I just feel the need to express just how stressed out I get the day before my next shift starts. Its early a.m. and I should have been asleep hours ago but Im stressing. Id quit this job in a minute if I had another one to go to but given the pandemic and other roadblocks, that possibility is is pretty small. I want more than anything to move back home but Im stuck and that only adds to the stress."
M082,5994,Stress,"Do you give yourself enough of time to restsleep to restore from stress? When I was restoring from a burn out, at first I was trying to sleep normal hours. But at a certain point I just slept whenever my body told me to sleep. In the beginning I would sleep 2 times 2 or 3 hours during the day, I just could fall asleep again at night. After some time I only made a 2 hours nap after lunch. And now Im back to normal sleep hours about 10pm to 6am. I know people who keep on clinging to the norms of sleeping hours, while the body needs the time to fix itself. If stress would criple us like a flu we would give into the need for rest."
M083,2122,Stress,"My worst enemy is myself when it comes to stress Yes, Im stuck in a job I hate and I dont have the option of leaving at all but I am my own worst enemy here. I constantly stress about the small things and its really affecting my capacity to perform. The days feel like years, and Im always at the verge of breaking after one or two days. Please teach me methods to overcome this. I tried reframing my perspective but in the moment I still stress"
M084,5796,Stress,"Anyones GI system get upset in times of stress? Im currently going through a transition phase in my life. I just lost a job and Ive known Id be losing it for 8 weeks beforehand. In that time I noticed my GI system slowing down, then last week a week before my leaving date it sped up massively and turned into diarrhoea. Then I got a migraine for three days with my TMJ disorder acting up as well. Ive had so many physical things happen in the last week that Im really starting to think its stress and anxiety taking a toll. Im optimistic about my career future but its also so uncertain, and I hate being unemployed. As much as I hate to admit it, it does me good to have a job and a routine. Now its all up in the air and yeah I guess Im stressed. Not to mention there have been some family things on my mind lately making me sad. So yeah, does anyone else get GI issues over a period of time?"
M085,4490,Stress,"Chronic stress recovery stories? I have undergone 3 years of chronic stress and I finally have been able to change my lifestyle and remove the stressors in my life. It was so bad that my hair was falling out, I wasnt sleeping, I lost 20lbs, and my mental health deteriorated. With the doctors help I have addressed my health issues but I still feel tense and on edge sometimes. I developed fears of situations that were the hardest for me but I dont let it prevent me from living. I guess I just want to know if anyone else has been in this situation and what did you do during recovery? Also, how long were you under this amount of stress and how long did it take to recover?"
M086,530,Stress,I have 12 out of 30 more illustrations to illustrate and my deadline is in 15 hours help Im taking a break followed by a desperately needed nap later but anyway now im here on reddit venting because i need validation that i will finish it because rn i dont think i can!! im a freelancer and im currently working with an apparel company and i must first say that im a fresh grad and getting a job is rlly hard now so i kind of really need to set a good impression later when i present my illustrations to my clients but im an idiot and promised 30 illustrations in 3 days but i cant really cope as yall can see. Sorry that its a boring post but im really freaking out!
M087,6094,Stress,"Everybody is suffering Everybody is suffering right now. It makes me hesitant to speak out at all. But I want to die. I want to die so badly. Pain, depression, societal worry, online school and no understanding from my professors. Its all got me at my wits end. I dont know how Im going to manage. I scream and cry and hurt myself everyday and I dont know what to do. I just want to escape."
M088,10231,Stress,"How We Learn From Our Parents How to Respond to Stress and Anxiety  Are you good at regulating your everyday stress and anxiety levels? If not, how might your parents have played a role in your selfregulation skills or lack of?"
M089,1688,Stress,I am SO stressed! I have a test on the 9th and I NEED to get a B or I fail the class. tomorrow and test day will be fking hell! When stressed I think about hurting myself. Help? The long a title!
M090,1471,Stress,"Feeling trapped in endless stress I work in an emotionally draining field of work and have struggled with anxiety my entire life. Im at a point where I feel trapped, hopeless, and exhausted. I focus on simply making it through the week and find that the only thing I want to do is sleep. When something small goes wrong at work I feel like it pushes me over the edge and Im ready to snap due to all the built up stress, anxiety and frustration. I often fantasize about breaking a limb or having a medical emergency that would prevent me from going to work. Can anyone relate?"
M091,1109,Stress,"An epiphany Ive had regarding our inherent potential... I believe in the bodys inherent potential to heal itself. This in no way diminishes the need for excellent medical care, which we are thankfully so blessed to have. I see this healing truth in every patient I treat in my physical therapy manual therapy practice and it brings me great peace to remember the incredible design in which we are created, and the Herculean feats our bodies accomplish behind the scenes, every day. I believe in this power of positive thinking, and how powerful our thoughts are to our health. I believe this is a necessary aspect of creating a personal environment of serenity and calm for ourselves, to thus allow us to be of support and of service to others. Wishing you and your loved ones much blessing and peace"
M092,7580,Stress,"If youre stressed out, create art to become free A study found that just 45 minutes of creative activity, regardless of age or skill level, significantly reduces stress levels Kaimal et al., 2016. When youre stressed, youre stuck in your head. You see a limited image of yourself that you keep repeating. In this image, you are helpless, weak, and unable to act. This is stress. Creation frees you from this. You express what you feel. You see them from the outside  and you can change them too. Its a healing process. You make a change. Creation is the easiest way to heal yourself. You are your own best therapist. It doesnt matter what you create or how good you are at it. You can paint, write, or build. But even the most nonsensical things can count as creation if you experience them as such  grooming your dog, cleaning your room, making a papiermâché. Art is when you create a mood, emotion, or experience for yourself. The medium doesnt matter. It doesnt matter if its not spectacular or comprehensible to others. Create and feel your freedom that belongs to you all the time."
M093,6824,Stress,Stress that cant be felt till its too late Ive never really considered myself a stressed individual but a lot has happened in my life that I kind of swept under the rug and just shrugged about it. Clearly it does get to me because I was diagnosed with generalized anxiety disorder and panic disorder but I cant seem to recognize it when it occurs. I only know Im stressed when the panic attacks and anxiety start up and by that point its hard to bring down the stress. Has anyone dealt with something similar?
M094,7692,Stress,"Anyone else ever get extremely horny when stressed? I lost my job, Im applying like crazy but so far I havent gotten a new one. Also my boyfriend and I are long distance even so its harder to be the nympho that I am even when Im not stressed but I literally am masterbating constantly during the night and since Im barely sleeping its a lot. Apparently Im not alone and its called AnxiousSexual."
M095,1624,Stress,"Overworked over stressed overwhelmed So I just have these random moments of anxiety and fast heartbeat at times. I think the majority of the time its my job that causes me to feel stressed. I try to always keep in mind that I can only do so much but having this mindset doesnt always keep me from feeling this way. Its pretty stressful job and now having been there a few months I can see why people come and go. Also living with a toxic parent hearing him call my siblings horrible names and constantly arguing with my mother for the dumbest reasons. Its all too much and I just really wanna find a way out. Just writing this is causing me to be emotional. I just want to be stress free. Theres just no way that this is life, I refuse to believe it ...."
M096,11601,Stress,"Looking for online stress forums or support groups. Help. Hello, Ive been struggling with stress for a while now and I have tried many things. Some things work for a while others not so much. I would like to know if there are any support or forums for stress, worldwide, online. If they speak English the better but I cant handle face to face anything right now. Please help. EDIT Thanks for all the people who reply, even via private. Im in therapy and taking meds, I do exercise 5 times a week and Im not addicted to substances. Still looking for anything you can recommend."
M097,145,Stress,"Had another yet incredibly stressful day. Was feeling super sick and thought I might have caught Covid. And to top it off, I just got cyberbullied and harassed on a subreddit Seriously, how do I get a break??"
M098,12883,Stress,anyone else wake up with a shock of anxiety? its like every time i go to sleep im okay but then as soon as i wake up im stressing and got anxiety. i play scenarios in my head of what is going on and it makes things 10x worse. i know that everything will be okay and im probably overreacting but i cant help it. it gets my heart racing. what do you guys do to resolve this?
M099,1310,Stress,"These headaches dont go away when they come on from stress. I feel great in the morning. Get to work and all the stress from stupidity and absolute zero communication stresses me to the point of migraine level headaches. Now Im laying in a dark room and my head is pounding. Ibuprofen does nothing, nor any type of headache painkiller. I escalate these issues and it falls on deaf ears. I need a headache hack."
M100,4946,Stress,"Did chronic stress kill your libido? Ive had stress and bad anxiety for some time now, and my sex drive has decreased drastically. Ive also lost muscle mass and feel weaker and fatigued all the time. I also have trouble sleeping cause of anxiety. Was wondering if anyone else was in the same boat. Did stress and anxiety impact your libido? Edit Im an 19 yo guy."
